0,c014_2007.pdf
1,c014_2008.pdf
2,c017_2013.pdf
3,c017_2014.pdf
4,c017_2015.pdf
5,c017_2016.pdf
6,c017_2017.pdf
7,c017_2018.pdf
8,c029_2012.pdf
9,c029_2013.pdf
10,c029_2014.pdf
11,c029_2015.pdf
12,c031_2016.pdf
13,c042_2017.pdf
14,c058_2005.pdf
15,c063_2015.pdf
16,c063_2016.pdf
17,c063_2017.pdf
18,c063_2018.pdf
19,c075_2011.pdf
20,c075_2012.pdf
21,c075_2013.pdf
22,c075_2015.pdf
23,c075_2016.pdf
24,c075_2017.pdf
25,c075_2018.pdf
26,c087_2015.pdf
27,c089_2008.pdf
28,c089_2009.pdf
29,c089_2010.pdf
30,c089_2012.pdf
31,c089_2013.pdf
32,c089_2014.pdf
33,c089_2015.pdf
34,c089_2017.pdf
35,c089_2018.pdf
36,c093_2005.pdf
37,c093_2006.pdf
38,c093_2008.pdf
39,c093_2010.pdf
40,c093_2012.pdf
41,c093_2013.pdf
42,c093_2014.pdf
43,c093_2015.pdf
44,c093_2018.pdf
45,c096_2005.pdf
46,c105_2005.pdf
47,c105_2006.pdf
48,c105_2007.pdf
49,c105_2008.pdf
50,c105_2009.pdf
51,c105_2010.pdf
52,c115_2017.pdf
53,c133_2016.pdf
54,c137_2005.pdf
55,c137_2006.pdf
56,c142_2006.pdf
57,c146_2005.pdf
58,c149_2014.pdf
59,c149_2015.pdf
60,c149_2016.pdf
61,c149_2017.pdf
62,c149_2018.pdf
63,c150_2010.pdf
64,c150_2011.pdf
65,c150_2012.pdf
66,c150_2013.pdf
67,c150_2014.pdf
68,c150_2015.pdf
69,c150_2016.pdf
70,c150_2017.pdf
71,c150_2018.pdf
72,c151_2009.pdf
73,c151_2010.pdf
74,c151_2011.pdf
75,c151_2012.pdf
76,c151_2013.pdf
77,c151_2014.pdf
78,c151_2015.pdf
79,c151_2016.pdf
80,c151_2017.pdf
81,c152_2006.pdf
82,c152_2007.pdf
83,c152_2008.pdf
84,c152_2009.pdf
85,c152_2010.pdf
86,c152_2011.pdf
87,c152_2012.pdf
88,c152_2013.pdf
89,c152_2014.pdf
90,c152_2015.pdf
91,c152_2016.pdf
92,c152_2017.pdf
93,c152_2018.pdf
94,c154_2018.pdf
95,c160_2013.pdf
96,c163_2005.pdf
97,c163_2006.pdf
98,c163_2007.pdf
99,c163_2008.pdf
100,c163_2009.pdf
101,c163_2010.pdf
102,c163_2011.pdf
103,c163_2012.pdf
104,c163_2013.pdf
105,c163_2014.pdf
106,c163_2015.pdf
107,c163_2016.pdf
108,c163_2017.pdf
109,c164_2014.pdf
110,c164_2015.pdf
111,c164_2016.pdf
112,c164_2017.pdf
113,c164_2018.pdf
114,c165_2006.pdf
115,c165_2007.pdf
116,c165_2008.pdf
117,c165_2009.pdf
118,c165_2010.pdf
119,c165_2011.pdf
120,c165_2012.pdf
121,c165_2013.pdf
122,c165_2014.pdf
123,c167_2010.pdf
124,c167_2011.pdf
125,c167_2012.pdf
126,c167_2013.pdf
127,c167_2014.pdf
128,c167_2015.pdf
129,c167_2016.pdf
130,c167_2017.pdf
131,c167_2018.pdf
132,c171_2017.pdf
133,c171_2018.pdf
